cell,detour
874995bb1ffffff,0.16988947566569304
874995b86ffffff,0.0
874995b84ffffff,0.25888319541566385
