,post-covid,post-covid_cell,cell
0,0.7153794770754092,0.018038765788779,873da115dffffff
1,0.0,0.7153794770754092,873da1171ffffff
2,0.3045743681790926,0.292578564566639,873da1176ffffff
3,0.0,0.3045743681790926,873da102dffffff
4,0.7153794770754092,0.6257454802593594,873da18daffffff
